source_file,category,category_label,type_id,type_label,type_count,wcag_criteria,wcag_level,pour_dimensions,sr_relevance,instance_index,hidden,description,label
1-Ibge.html,error,Errors,alt_missing,Missing alternative text,1,1.1.1,A,Perceivable,critical,1,true,Missing alternative text 1,Missing alternative text
1-Ibge.html,error,Errors,alt_link_missing,Linked image missing alternative text,1,1.1.1,A,Perceivable,critical,1,false,Linked image missing alternative text 1,Linked image missing alternative text
1-Ibge.html,error,Errors,label_missing,Missing form label,2,1.3.1;3.3.2,A,Perceivable;Understandable,critical,1,false,Missing form label 1,Missing form label
1-Ibge.html,error,Errors,label_missing,Missing form label,2,1.3.1;3.3.2,A,Perceivable;Understandable,critical,2,false,Missing form label 2,Missing form label
1-Ibge.html,error,Errors,label_empty,Empty form label,1,1.3.1,A,Perceivable,high,1,true,Empty form label 1,Empty form label
1-Ibge.html,error,Errors,label_multiple,Multiple form labels,2,1.3.1,A,Perceivable,high,1,false,Multiple form labels 1,Multiple form labels
1-Ibge.html,error,Errors,label_multiple,Multiple form labels,2,1.3.1,A,Perceivable,high,2,true,Multiple form labels 2,Multiple form labels
1-Ibge.html,contrast,Contrast Errors,unknown,Very low contrast,18,,,,,,,,
1-Ibge.html,alert,Alerts,alt_duplicate,A nearby image has the same alternative text,8,,,,,1,false,A nearby image has the same alternative text 1,A nearby image has the same alternative text
1-Ibge.html,alert,Alerts,alt_duplicate,A nearby image has the same alternative text,8,,,,,2,false,A nearby image has the same alternative text 2,A nearby image has the same alternative text
1-Ibge.html,alert,Alerts,alt_duplicate,A nearby image has the same alternative text,8,,,,,3,false,A nearby image has the same alternative text 3,A nearby image has the same alternative text
1-Ibge.html,alert,Alerts,alt_duplicate,A nearby image has the same alternative text,8,,,,,4,false,A nearby image has the same alternative text 4,A nearby image has the same alternative text
1-Ibge.html,alert,Alerts,alt_duplicate,A nearby image has the same alternative text,8,,,,,5,false,A nearby image has the same alternative text 5,A nearby image has the same alternative text
1-Ibge.html,alert,Alerts,alt_duplicate,A nearby image has the same alternative text,8,,,,,6,false,A nearby image has the same alternative text 6,A nearby image has the same alternative text
1-Ibge.html,alert,Alerts,alt_duplicate,A nearby image has the same alternative text,8,,,,,7,false,A nearby image has the same alternative text 7,A nearby image has the same alternative text
1-Ibge.html,alert,Alerts,alt_duplicate,A nearby image has the same alternative text,8,,,,,8,false,A nearby image has the same alternative text 8,A nearby image has the same alternative text
1-Ibge.html,alert,Alerts,heading_skipped,Skipped heading level,1,1.3.1,A,Perceivable,high,1,false,Skipped heading level 1,Skipped heading level
1-Ibge.html,alert,Alerts,heading_possible,Possible heading,12,,,,,1,false,Possible heading 1,Possible heading
1-Ibge.html,alert,Alerts,heading_possible,Possible heading,12,,,,,2,false,Possible heading 2,Possible heading
1-Ibge.html,alert,Alerts,heading_possible,Possible heading,12,,,,,3,false,Possible heading 3,Possible heading
1-Ibge.html,alert,Alerts,heading_possible,Possible heading,12,,,,,4,false,Possible heading 4,Possible heading
1-Ibge.html,alert,Alerts,heading_possible,Possible heading,12,,,,,5,false,Possible heading 5,Possible heading
1-Ibge.html,alert,Alerts,heading_possible,Possible heading,12,,,,,6,false,Possible heading 6,Possible heading
1-Ibge.html,alert,Alerts,heading_possible,Possible heading,12,,,,,7,false,Possible heading 7,Possible heading
1-Ibge.html,alert,Alerts,heading_possible,Possible heading,12,,,,,8,false,Possible heading 8,Possible heading
1-Ibge.html,alert,Alerts,heading_possible,Possible heading,12,,,,,9,false,Possible heading 9,Possible heading
1-Ibge.html,alert,Alerts,heading_possible,Possible heading,12,,,,,10,false,Possible heading 10,Possible heading
1-Ibge.html,alert,Alerts,heading_possible,Possible heading,12,,,,,11,false,Possible heading 11,Possible heading
1-Ibge.html,alert,Alerts,heading_possible,Possible heading,12,,,,,12,false,Possible heading 12,Possible heading
1-Ibge.html,alert,Alerts,link_internal_broken,Broken same-page link,1,2.4.4,A,Operable,medium,1,false,Broken same-page link 1,Broken same-page link
1-Ibge.html,alert,Alerts,noscript,Noscript element,1,4.1.2,A,Robust,medium,1,true,Noscript element 1,Noscript element
1-Ibge.html,alert,Alerts,javascript_jumpmenu,JavaScript jump menu,1,,,,,1,true,JavaScript jump menu 1,JavaScript jump menu
1-Ibge.html,alert,Alerts,accesskey,Accesskey,1,2.1.4,A,Operable,medium,1,false,Accesskey 1,Accesskey
1-Ibge.html,alert,Alerts,title_redundant,Redundant title text,8,,,,,1,false,Redundant title text 1,Redundant title text
1-Ibge.html,alert,Alerts,title_redundant,Redundant title text,8,,,,,2,false,Redundant title text 2,Redundant title text
1-Ibge.html,alert,Alerts,title_redundant,Redundant title text,8,,,,,3,false,Redundant title text 3,Redundant title text
1-Ibge.html,alert,Alerts,title_redundant,Redundant title text,8,,,,,4,false,Redundant title text 4,Redundant title text
1-Ibge.html,alert,Alerts,title_redundant,Redundant title text,8,,,,,5,false,Redundant title text 5,Redundant title text
1-Ibge.html,alert,Alerts,title_redundant,Redundant title text,8,,,,,6,false,Redundant title text 6,Redundant title text
1-Ibge.html,alert,Alerts,title_redundant,Redundant title text,8,,,,,7,true,Redundant title text 7,Redundant title text
1-Ibge.html,alert,Alerts,title_redundant,Redundant title text,8,,,,,8,true,Redundant title text 8,Redundant title text
1-Ibge.html,feature,Features,alt,Alternative text,4,1.1.1,A,Perceivable,positive,1,false,Alternative text 1,Alternative text
1-Ibge.html,feature,Features,alt,Alternative text,4,1.1.1,A,Perceivable,positive,2,false,Alternative text 2,Alternative text
1-Ibge.html,feature,Features,alt,Alternative text,4,1.1.1,A,Perceivable,positive,3,false,Alternative text 3,Alternative text
1-Ibge.html,feature,Features,alt,Alternative text,4,1.1.1,A,Perceivable,positive,4,false,Alternative text 4,Alternative text
1-Ibge.html,feature,Features,alt_null,Null or empty alternative text,4,,,,,1,false,Null or empty alternative text 1,Null or empty alternative text
1-Ibge.html,feature,Features,alt_null,Null or empty alternative text,4,,,,,2,false,Null or empty alternative text 2,Null or empty alternative text
1-Ibge.html,feature,Features,alt_null,Null or empty alternative text,4,,,,,3,false,Null or empty alternative text 3,Null or empty alternative text
1-Ibge.html,feature,Features,alt_null,Null or empty alternative text,4,,,,,4,false,Null or empty alternative text 4,Null or empty alternative text
1-Ibge.html,feature,Features,alt_link,Linked image with alternative text,16,1.1.1,A,Perceivable,positive,1,false,Linked image with alternative text 1,Linked image with alternative text
1-Ibge.html,feature,Features,alt_link,Linked image with alternative text,16,1.1.1,A,Perceivable,positive,2,false,Linked image with alternative text 2,Linked image with alternative text
1-Ibge.html,feature,Features,alt_link,Linked image with alternative text,16,1.1.1,A,Perceivable,positive,3,false,Linked image with alternative text 3,Linked image with alternative text
1-Ibge.html,feature,Features,alt_link,Linked image with alternative text,16,1.1.1,A,Perceivable,positive,4,true,Linked image with alternative text 4,Linked image with alternative text
1-Ibge.html,feature,Features,alt_link,Linked image with alternative text,16,1.1.1,A,Perceivable,positive,5,true,Linked image with alternative text 5,Linked image with alternative text
1-Ibge.html,feature,Features,alt_link,Linked image with alternative text,16,1.1.1,A,Perceivable,positive,6,true,Linked image with alternative text 6,Linked image with alternative text
1-Ibge.html,feature,Features,alt_link,Linked image with alternative text,16,1.1.1,A,Perceivable,positive,7,false,Linked image with alternative text 7,Linked image with alternative text
1-Ibge.html,feature,Features,alt_link,Linked image with alternative text,16,1.1.1,A,Perceivable,positive,8,false,Linked image with alternative text 8,Linked image with alternative text
1-Ibge.html,feature,Features,alt_link,Linked image with alternative text,16,1.1.1,A,Perceivable,positive,9,false,Linked image with alternative text 9,Linked image with alternative text
1-Ibge.html,feature,Features,alt_link,Linked image with alternative text,16,1.1.1,A,Perceivable,positive,10,false,Linked image with alternative text 10,Linked image with alternative text
1-Ibge.html,feature,Features,alt_link,Linked image with alternative text,16,1.1.1,A,Perceivable,positive,11,false,Linked image with alternative text 11,Linked image with alternative text
1-Ibge.html,feature,Features,alt_link,Linked image with alternative text,16,1.1.1,A,Perceivable,positive,12,false,Linked image with alternative text 12,Linked image with alternative text
1-Ibge.html,feature,Features,alt_link,Linked image with alternative text,16,1.1.1,A,Perceivable,positive,13,false,Linked image with alternative text 13,Linked image with alternative text
1-Ibge.html,feature,Features,alt_link,Linked image with alternative text,16,1.1.1,A,Perceivable,positive,14,false,Linked image with alternative text 14,Linked image with alternative text
1-Ibge.html,feature,Features,alt_link,Linked image with alternative text,16,1.1.1,A,Perceivable,positive,15,false,Linked image with alternative text 15,Linked image with alternative text
1-Ibge.html,feature,Features,alt_link,Linked image with alternative text,16,1.1.1,A,Perceivable,positive,16,true,Linked image with alternative text 16,Linked image with alternative text
1-Ibge.html,feature,Features,lang,Language,1,3.1.1,A,Understandable,positive,1,false,Language 1,Language
1-Ibge.html,structure,Structural Elements,h1,Heading level 1,1,1.3.1,A,Perceivable,positive,1,false,Heading level 1 1,Heading level 1
1-Ibge.html,structure,Structural Elements,h2,Heading level 2,8,1.3.1,A,Perceivable,positive,1,true,Heading level 2 1,Heading level 2
1-Ibge.html,structure,Structural Elements,h2,Heading level 2,8,1.3.1,A,Perceivable,positive,2,false,Heading level 2 2,Heading level 2
1-Ibge.html,structure,Structural Elements,h2,Heading level 2,8,1.3.1,A,Perceivable,positive,3,false,Heading level 2 3,Heading level 2
1-Ibge.html,structure,Structural Elements,h2,Heading level 2,8,1.3.1,A,Perceivable,positive,4,false,Heading level 2 4,Heading level 2
1-Ibge.html,structure,Structural Elements,h2,Heading level 2,8,1.3.1,A,Perceivable,positive,5,false,Heading level 2 5,Heading level 2
1-Ibge.html,structure,Structural Elements,h2,Heading level 2,8,1.3.1,A,Perceivable,positive,6,false,Heading level 2 6,Heading level 2
1-Ibge.html,structure,Structural Elements,h2,Heading level 2,8,1.3.1,A,Perceivable,positive,7,false,Heading level 2 7,Heading level 2
1-Ibge.html,structure,Structural Elements,h2,Heading level 2,8,1.3.1,A,Perceivable,positive,8,false,Heading level 2 8,Heading level 2
1-Ibge.html,structure,Structural Elements,h3,Heading level 3,12,1.3.1,A,Perceivable,positive,1,false,Heading level 3 1,Heading level 3
1-Ibge.html,structure,Structural Elements,h3,Heading level 3,12,1.3.1,A,Perceivable,positive,2,false,Heading level 3 2,Heading level 3
1-Ibge.html,structure,Structural Elements,h3,Heading level 3,12,1.3.1,A,Perceivable,positive,3,false,Heading level 3 3,Heading level 3
1-Ibge.html,structure,Structural Elements,h3,Heading level 3,12,1.3.1,A,Perceivable,positive,4,false,Heading level 3 4,Heading level 3
1-Ibge.html,structure,Structural Elements,h3,Heading level 3,12,1.3.1,A,Perceivable,positive,5,true,Heading level 3 5,Heading level 3
1-Ibge.html,structure,Structural Elements,h3,Heading level 3,12,1.3.1,A,Perceivable,positive,6,false,Heading level 3 6,Heading level 3
1-Ibge.html,structure,Structural Elements,h3,Heading level 3,12,1.3.1,A,Perceivable,positive,7,false,Heading level 3 7,Heading level 3
1-Ibge.html,structure,Structural Elements,h3,Heading level 3,12,1.3.1,A,Perceivable,positive,8,false,Heading level 3 8,Heading level 3
1-Ibge.html,structure,Structural Elements,h3,Heading level 3,12,1.3.1,A,Perceivable,positive,9,false,Heading level 3 9,Heading level 3
1-Ibge.html,structure,Structural Elements,h3,Heading level 3,12,1.3.1,A,Perceivable,positive,10,true,Heading level 3 10,Heading level 3
1-Ibge.html,structure,Structural Elements,h3,Heading level 3,12,1.3.1,A,Perceivable,positive,11,false,Heading level 3 11,Heading level 3
1-Ibge.html,structure,Structural Elements,h3,Heading level 3,12,1.3.1,A,Perceivable,positive,12,false,Heading level 3 12,Heading level 3
1-Ibge.html,structure,Structural Elements,h6,Heading level 6,12,1.3.1,A,Perceivable,positive,1,false,Heading level 6 1,Heading level 6
1-Ibge.html,structure,Structural Elements,h6,Heading level 6,12,1.3.1,A,Perceivable,positive,2,false,Heading level 6 2,Heading level 6
1-Ibge.html,structure,Structural Elements,h6,Heading level 6,12,1.3.1,A,Perceivable,positive,3,false,Heading level 6 3,Heading level 6
1-Ibge.html,structure,Structural Elements,h6,Heading level 6,12,1.3.1,A,Perceivable,positive,4,false,Heading level 6 4,Heading level 6
1-Ibge.html,structure,Structural Elements,h6,Heading level 6,12,1.3.1,A,Perceivable,positive,5,false,Heading level 6 5,Heading level 6
1-Ibge.html,structure,Structural Elements,h6,Heading level 6,12,1.3.1,A,Perceivable,positive,6,false,Heading level 6 6,Heading level 6
1-Ibge.html,structure,Structural Elements,h6,Heading level 6,12,1.3.1,A,Perceivable,positive,7,false,Heading level 6 7,Heading level 6
1-Ibge.html,structure,Structural Elements,h6,Heading level 6,12,1.3.1,A,Perceivable,positive,8,false,Heading level 6 8,Heading level 6
1-Ibge.html,structure,Structural Elements,h6,Heading level 6,12,1.3.1,A,Perceivable,positive,9,false,Heading level 6 9,Heading level 6
1-Ibge.html,structure,Structural Elements,h6,Heading level 6,12,1.3.1,A,Perceivable,positive,10,false,Heading level 6 10,Heading level 6
1-Ibge.html,structure,Structural Elements,h6,Heading level 6,12,1.3.1,A,Perceivable,positive,11,false,Heading level 6 11,Heading level 6
1-Ibge.html,structure,Structural Elements,h6,Heading level 6,12,1.3.1,A,Perceivable,positive,12,false,Heading level 6 12,Heading level 6
1-Ibge.html,structure,Structural Elements,ul,Unordered list,33,1.3.1,A,Perceivable,positive,1,false,Unordered list 1,Unordered list
1-Ibge.html,structure,Structural Elements,ul,Unordered list,33,1.3.1,A,Perceivable,positive,2,false,Unordered list 2,Unordered list
1-Ibge.html,structure,Structural Elements,ul,Unordered list,33,1.3.1,A,Perceivable,positive,3,true,Unordered list 3,Unordered list
1-Ibge.html,structure,Structural Elements,ul,Unordered list,33,1.3.1,A,Perceivable,positive,4,true,Unordered list 4,Unordered list
1-Ibge.html,structure,Structural Elements,ul,Unordered list,33,1.3.1,A,Perceivable,positive,5,true,Unordered list 5,Unordered list
1-Ibge.html,structure,Structural Elements,ul,Unordered list,33,1.3.1,A,Perceivable,positive,6,true,Unordered list 6,Unordered list
1-Ibge.html,structure,Structural Elements,ul,Unordered list,33,1.3.1,A,Perceivable,positive,7,true,Unordered list 7,Unordered list
1-Ibge.html,structure,Structural Elements,ul,Unordered list,33,1.3.1,A,Perceivable,positive,8,true,Unordered list 8,Unordered list
1-Ibge.html,structure,Structural Elements,ul,Unordered list,33,1.3.1,A,Perceivable,positive,9,true,Unordered list 9,Unordered list
1-Ibge.html,structure,Structural Elements,ul,Unordered list,33,1.3.1,A,Perceivable,positive,10,true,Unordered list 10,Unordered list
1-Ibge.html,structure,Structural Elements,ul,Unordered list,33,1.3.1,A,Perceivable,positive,11,true,Unordered list 11,Unordered list
1-Ibge.html,structure,Structural Elements,ul,Unordered list,33,1.3.1,A,Perceivable,positive,12,true,Unordered list 12,Unordered list
1-Ibge.html,structure,Structural Elements,ul,Unordered list,33,1.3.1,A,Perceivable,positive,13,true,Unordered list 13,Unordered list
1-Ibge.html,structure,Structural Elements,ul,Unordered list,33,1.3.1,A,Perceivable,positive,14,true,Unordered list 14,Unordered list
1-Ibge.html,structure,Structural Elements,ul,Unordered list,33,1.3.1,A,Perceivable,positive,15,true,Unordered list 15,Unordered list
1-Ibge.html,structure,Structural Elements,ul,Unordered list,33,1.3.1,A,Perceivable,positive,16,true,Unordered list 16,Unordered list
1-Ibge.html,structure,Structural Elements,ul,Unordered list,33,1.3.1,A,Perceivable,positive,17,true,Unordered list 17,Unordered list
1-Ibge.html,structure,Structural Elements,ul,Unordered list,33,1.3.1,A,Perceivable,positive,18,true,Unordered list 18,Unordered list
1-Ibge.html,structure,Structural Elements,ul,Unordered list,33,1.3.1,A,Perceivable,positive,19,true,Unordered list 19,Unordered list
1-Ibge.html,structure,Structural Elements,ul,Unordered list,33,1.3.1,A,Perceivable,positive,20,true,Unordered list 20,Unordered list
1-Ibge.html,structure,Structural Elements,ul,Unordered list,33,1.3.1,A,Perceivable,positive,21,true,Unordered list 21,Unordered list
1-Ibge.html,structure,Structural Elements,ul,Unordered list,33,1.3.1,A,Perceivable,positive,22,true,Unordered list 22,Unordered list
1-Ibge.html,structure,Structural Elements,ul,Unordered list,33,1.3.1,A,Perceivable,positive,23,true,Unordered list 23,Unordered list
1-Ibge.html,structure,Structural Elements,ul,Unordered list,33,1.3.1,A,Perceivable,positive,24,true,Unordered list 24,Unordered list
1-Ibge.html,structure,Structural Elements,ul,Unordered list,33,1.3.1,A,Perceivable,positive,25,false,Unordered list 25,Unordered list
1-Ibge.html,structure,Structural Elements,ul,Unordered list,33,1.3.1,A,Perceivable,positive,26,true,Unordered list 26,Unordered list
1-Ibge.html,structure,Structural Elements,ul,Unordered list,33,1.3.1,A,Perceivable,positive,27,false,Unordered list 27,Unordered list
1-Ibge.html,structure,Structural Elements,ul,Unordered list,33,1.3.1,A,Perceivable,positive,28,false,Unordered list 28,Unordered list
1-Ibge.html,structure,Structural Elements,ul,Unordered list,33,1.3.1,A,Perceivable,positive,29,false,Unordered list 29,Unordered list
1-Ibge.html,structure,Structural Elements,ul,Unordered list,33,1.3.1,A,Perceivable,positive,30,false,Unordered list 30,Unordered list
1-Ibge.html,structure,Structural Elements,ul,Unordered list,33,1.3.1,A,Perceivable,positive,31,false,Unordered list 31,Unordered list
1-Ibge.html,structure,Structural Elements,ul,Unordered list,33,1.3.1,A,Perceivable,positive,32,false,Unordered list 32,Unordered list
1-Ibge.html,structure,Structural Elements,ul,Unordered list,33,1.3.1,A,Perceivable,positive,33,true,Unordered list 33,Unordered list
1-Ibge.html,structure,Structural Elements,iframe,Inline frame,1,4.1.2,A,Robust,informational,1,false,Inline frame 1,Inline frame
1-Ibge.html,structure,Structural Elements,header,Header,1,1.3.1;2.4.1,A,Perceivable;Operable,positive,1,false,Header 1,Header
1-Ibge.html,structure,Structural Elements,nav,Navigation,2,1.3.1;2.4.1,A,Perceivable;Operable,positive,1,false,Navigation 1,Navigation
1-Ibge.html,structure,Structural Elements,nav,Navigation,2,1.3.1;2.4.1,A,Perceivable;Operable,positive,2,true,Navigation 2,Navigation
1-Ibge.html,structure,Structural Elements,main,Main content,1,1.3.1;2.4.1,A,Perceivable;Operable,positive,1,false,Main content 1,Main content
1-Ibge.html,structure,Structural Elements,footer,Footer,1,1.3.1,A,Perceivable,positive,1,false,Footer 1,Footer
1-Ibge.html,aria,ARIA,aria,ARIA,27,4.1.2,A,Robust,informational,1,false,ARIA 1,ARIA
1-Ibge.html,aria,ARIA,aria,ARIA,27,4.1.2,A,Robust,informational,2,false,ARIA 2,ARIA
1-Ibge.html,aria,ARIA,aria,ARIA,27,4.1.2,A,Robust,informational,3,false,ARIA 3,ARIA
1-Ibge.html,aria,ARIA,aria,ARIA,27,4.1.2,A,Robust,informational,4,false,ARIA 4,ARIA
1-Ibge.html,aria,ARIA,aria,ARIA,27,4.1.2,A,Robust,informational,5,false,ARIA 5,ARIA
1-Ibge.html,aria,ARIA,aria,ARIA,27,4.1.2,A,Robust,informational,6,false,ARIA 6,ARIA
1-Ibge.html,aria,ARIA,aria,ARIA,27,4.1.2,A,Robust,informational,7,false,ARIA 7,ARIA
1-Ibge.html,aria,ARIA,aria,ARIA,27,4.1.2,A,Robust,informational,8,false,ARIA 8,ARIA
1-Ibge.html,aria,ARIA,aria,ARIA,27,4.1.2,A,Robust,informational,9,false,ARIA 9,ARIA
1-Ibge.html,aria,ARIA,aria,ARIA,27,4.1.2,A,Robust,informational,10,false,ARIA 10,ARIA
1-Ibge.html,aria,ARIA,aria,ARIA,27,4.1.2,A,Robust,informational,11,false,ARIA 11,ARIA
1-Ibge.html,aria,ARIA,aria,ARIA,27,4.1.2,A,Robust,informational,12,false,ARIA 12,ARIA
1-Ibge.html,aria,ARIA,aria,ARIA,27,4.1.2,A,Robust,informational,13,false,ARIA 13,ARIA
1-Ibge.html,aria,ARIA,aria,ARIA,27,4.1.2,A,Robust,informational,14,true,ARIA 14,ARIA
1-Ibge.html,aria,ARIA,aria,ARIA,27,4.1.2,A,Robust,informational,15,false,ARIA 15,ARIA
1-Ibge.html,aria,ARIA,aria,ARIA,27,4.1.2,A,Robust,informational,16,false,ARIA 16,ARIA
1-Ibge.html,aria,ARIA,aria,ARIA,27,4.1.2,A,Robust,informational,17,false,ARIA 17,ARIA
1-Ibge.html,aria,ARIA,aria,ARIA,27,4.1.2,A,Robust,informational,18,false,ARIA 18,ARIA
1-Ibge.html,aria,ARIA,aria,ARIA,27,4.1.2,A,Robust,informational,19,false,ARIA 19,ARIA
1-Ibge.html,aria,ARIA,aria,ARIA,27,4.1.2,A,Robust,informational,20,false,ARIA 20,ARIA
1-Ibge.html,aria,ARIA,aria,ARIA,27,4.1.2,A,Robust,informational,21,false,ARIA 21,ARIA
1-Ibge.html,aria,ARIA,aria,ARIA,27,4.1.2,A,Robust,informational,22,false,ARIA 22,ARIA
1-Ibge.html,aria,ARIA,aria,ARIA,27,4.1.2,A,Robust,informational,23,false,ARIA 23,ARIA
1-Ibge.html,aria,ARIA,aria,ARIA,27,4.1.2,A,Robust,informational,24,false,ARIA 24,ARIA
1-Ibge.html,aria,ARIA,aria,ARIA,27,4.1.2,A,Robust,informational,25,true,ARIA 25,ARIA
1-Ibge.html,aria,ARIA,aria,ARIA,27,4.1.2,A,Robust,informational,26,false,ARIA 26,ARIA
1-Ibge.html,aria,ARIA,aria,ARIA,27,4.1.2,A,Robust,informational,27,false,ARIA 27,ARIA
1-Ibge.html,aria,ARIA,aria_label,ARIA label,41,1.3.1;4.1.2,A,Perceivable;Robust,positive,1,false,ARIA label 1,ARIA label
1-Ibge.html,aria,ARIA,aria_label,ARIA label,41,1.3.1;4.1.2,A,Perceivable;Robust,positive,2,true,ARIA label 2,ARIA label
1-Ibge.html,aria,ARIA,aria_label,ARIA label,41,1.3.1;4.1.2,A,Perceivable;Robust,positive,3,false,ARIA label 3,ARIA label
1-Ibge.html,aria,ARIA,aria_label,ARIA label,41,1.3.1;4.1.2,A,Perceivable;Robust,positive,4,false,ARIA label 4,ARIA label
1-Ibge.html,aria,ARIA,aria_label,ARIA label,41,1.3.1;4.1.2,A,Perceivable;Robust,positive,5,false,ARIA label 5,ARIA label
1-Ibge.html,aria,ARIA,aria_label,ARIA label,41,1.3.1;4.1.2,A,Perceivable;Robust,positive,6,false,ARIA label 6,ARIA label
1-Ibge.html,aria,ARIA,aria_label,ARIA label,41,1.3.1;4.1.2,A,Perceivable;Robust,positive,7,false,ARIA label 7,ARIA label
1-Ibge.html,aria,ARIA,aria_label,ARIA label,41,1.3.1;4.1.2,A,Perceivable;Robust,positive,8,false,ARIA label 8,ARIA label
1-Ibge.html,aria,ARIA,aria_label,ARIA label,41,1.3.1;4.1.2,A,Perceivable;Robust,positive,9,false,ARIA label 9,ARIA label
1-Ibge.html,aria,ARIA,aria_label,ARIA label,41,1.3.1;4.1.2,A,Perceivable;Robust,positive,10,false,ARIA label 10,ARIA label
1-Ibge.html,aria,ARIA,aria_label,ARIA label,41,1.3.1;4.1.2,A,Perceivable;Robust,positive,11,false,ARIA label 11,ARIA label
1-Ibge.html,aria,ARIA,aria_label,ARIA label,41,1.3.1;4.1.2,A,Perceivable;Robust,positive,12,false,ARIA label 12,ARIA label
1-Ibge.html,aria,ARIA,aria_label,ARIA label,41,1.3.1;4.1.2,A,Perceivable;Robust,positive,13,false,ARIA label 13,ARIA label
1-Ibge.html,aria,ARIA,aria_label,ARIA label,41,1.3.1;4.1.2,A,Perceivable;Robust,positive,14,false,ARIA label 14,ARIA label
1-Ibge.html,aria,ARIA,aria_label,ARIA label,41,1.3.1;4.1.2,A,Perceivable;Robust,positive,15,false,ARIA label 15,ARIA label
1-Ibge.html,aria,ARIA,aria_label,ARIA label,41,1.3.1;4.1.2,A,Perceivable;Robust,positive,16,false,ARIA label 16,ARIA label
1-Ibge.html,aria,ARIA,aria_label,ARIA label,41,1.3.1;4.1.2,A,Perceivable;Robust,positive,17,false,ARIA label 17,ARIA label
1-Ibge.html,aria,ARIA,aria_label,ARIA label,41,1.3.1;4.1.2,A,Perceivable;Robust,positive,18,false,ARIA label 18,ARIA label
1-Ibge.html,aria,ARIA,aria_label,ARIA label,41,1.3.1;4.1.2,A,Perceivable;Robust,positive,19,false,ARIA label 19,ARIA label
1-Ibge.html,aria,ARIA,aria_label,ARIA label,41,1.3.1;4.1.2,A,Perceivable;Robust,positive,20,false,ARIA label 20,ARIA label
1-Ibge.html,aria,ARIA,aria_label,ARIA label,41,1.3.1;4.1.2,A,Perceivable;Robust,positive,21,false,ARIA label 21,ARIA label
1-Ibge.html,aria,ARIA,aria_label,ARIA label,41,1.3.1;4.1.2,A,Perceivable;Robust,positive,22,false,ARIA label 22,ARIA label
1-Ibge.html,aria,ARIA,aria_label,ARIA label,41,1.3.1;4.1.2,A,Perceivable;Robust,positive,23,false,ARIA label 23,ARIA label
1-Ibge.html,aria,ARIA,aria_label,ARIA label,41,1.3.1;4.1.2,A,Perceivable;Robust,positive,24,false,ARIA label 24,ARIA label
1-Ibge.html,aria,ARIA,aria_label,ARIA label,41,1.3.1;4.1.2,A,Perceivable;Robust,positive,25,false,ARIA label 25,ARIA label
1-Ibge.html,aria,ARIA,aria_label,ARIA label,41,1.3.1;4.1.2,A,Perceivable;Robust,positive,26,false,ARIA label 26,ARIA label
1-Ibge.html,aria,ARIA,aria_label,ARIA label,41,1.3.1;4.1.2,A,Perceivable;Robust,positive,27,false,ARIA label 27,ARIA label
1-Ibge.html,aria,ARIA,aria_label,ARIA label,41,1.3.1;4.1.2,A,Perceivable;Robust,positive,28,false,ARIA label 28,ARIA label
1-Ibge.html,aria,ARIA,aria_label,ARIA label,41,1.3.1;4.1.2,A,Perceivable;Robust,positive,29,false,ARIA label 29,ARIA label
1-Ibge.html,aria,ARIA,aria_label,ARIA label,41,1.3.1;4.1.2,A,Perceivable;Robust,positive,30,false,ARIA label 30,ARIA label
1-Ibge.html,aria,ARIA,aria_label,ARIA label,41,1.3.1;4.1.2,A,Perceivable;Robust,positive,31,false,ARIA label 31,ARIA label
1-Ibge.html,aria,ARIA,aria_label,ARIA label,41,1.3.1;4.1.2,A,Perceivable;Robust,positive,32,false,ARIA label 32,ARIA label
1-Ibge.html,aria,ARIA,aria_label,ARIA label,41,1.3.1;4.1.2,A,Perceivable;Robust,positive,33,false,ARIA label 33,ARIA label
1-Ibge.html,aria,ARIA,aria_label,ARIA label,41,1.3.1;4.1.2,A,Perceivable;Robust,positive,34,false,ARIA label 34,ARIA label
1-Ibge.html,aria,ARIA,aria_label,ARIA label,41,1.3.1;4.1.2,A,Perceivable;Robust,positive,35,true,ARIA label 35,ARIA label
1-Ibge.html,aria,ARIA,aria_label,ARIA label,41,1.3.1;4.1.2,A,Perceivable;Robust,positive,36,true,ARIA label 36,ARIA label
1-Ibge.html,aria,ARIA,aria_label,ARIA label,41,1.3.1;4.1.2,A,Perceivable;Robust,positive,37,true,ARIA label 37,ARIA label
1-Ibge.html,aria,ARIA,aria_label,ARIA label,41,1.3.1;4.1.2,A,Perceivable;Robust,positive,38,true,ARIA label 38,ARIA label
1-Ibge.html,aria,ARIA,aria_label,ARIA label,41,1.3.1;4.1.2,A,Perceivable;Robust,positive,39,true,ARIA label 39,ARIA label
1-Ibge.html,aria,ARIA,aria_label,ARIA label,41,1.3.1;4.1.2,A,Perceivable;Robust,positive,40,true,ARIA label 40,ARIA label
1-Ibge.html,aria,ARIA,aria_label,ARIA label,41,1.3.1;4.1.2,A,Perceivable;Robust,positive,41,true,ARIA label 41,ARIA label
1-Ibge.html,aria,ARIA,aria_tabindex,ARIA tabindex,4,2.4.3,A,Operable,informational,1,false,ARIA tabindex 1,ARIA tabindex
1-Ibge.html,aria,ARIA,aria_tabindex,ARIA tabindex,4,2.4.3,A,Operable,informational,2,false,ARIA tabindex 2,ARIA tabindex
1-Ibge.html,aria,ARIA,aria_tabindex,ARIA tabindex,4,2.4.3,A,Operable,informational,3,false,ARIA tabindex 3,ARIA tabindex
1-Ibge.html,aria,ARIA,aria_tabindex,ARIA tabindex,4,2.4.3,A,Operable,informational,4,false,ARIA tabindex 4,ARIA tabindex
1-Ibge.html,aria,ARIA,aria_live_region,ARIA alert or live region,4,4.1.3,A,Robust,informational,1,false,ARIA alert or live region 1,ARIA alert or live region
1-Ibge.html,aria,ARIA,aria_live_region,ARIA alert or live region,4,4.1.3,A,Robust,informational,2,true,ARIA alert or live region 2,ARIA alert or live region
1-Ibge.html,aria,ARIA,aria_live_region,ARIA alert or live region,4,4.1.3,A,Robust,informational,3,false,ARIA alert or live region 3,ARIA alert or live region
1-Ibge.html,aria,ARIA,aria_live_region,ARIA alert or live region,4,4.1.3,A,Robust,informational,4,true,ARIA alert or live region 4,ARIA alert or live region
1-Ibge.html,aria,ARIA,aria_button,ARIA button,4,4.1.2,A,Robust;Operable,informational,1,false,ARIA button 1,ARIA button
1-Ibge.html,aria,ARIA,aria_button,ARIA button,4,4.1.2,A,Robust;Operable,informational,2,false,ARIA button 2,ARIA button
1-Ibge.html,aria,ARIA,aria_button,ARIA button,4,4.1.2,A,Robust;Operable,informational,3,false,ARIA button 3,ARIA button
1-Ibge.html,aria,ARIA,aria_button,ARIA button,4,4.1.2,A,Robust;Operable,informational,4,false,ARIA button 4,ARIA button
1-Ibge.html,aria,ARIA,aria_hidden,ARIA hidden,5,1.3.1,A,Perceivable;Robust,informational,1,false,ARIA hidden 1,ARIA hidden
1-Ibge.html,aria,ARIA,aria_hidden,ARIA hidden,5,1.3.1,A,Perceivable;Robust,informational,2,false,ARIA hidden 2,ARIA hidden
1-Ibge.html,aria,ARIA,aria_hidden,ARIA hidden,5,1.3.1,A,Perceivable;Robust,informational,3,false,ARIA hidden 3,ARIA hidden
1-Ibge.html,aria,ARIA,aria_hidden,ARIA hidden,5,1.3.1,A,Perceivable;Robust,informational,4,false,ARIA hidden 4,ARIA hidden
1-Ibge.html,aria,ARIA,aria_hidden,ARIA hidden,5,1.3.1,A,Perceivable;Robust,informational,5,true,ARIA hidden 5,ARIA hidden
2-ResultadosCenso2022.html,error,Errors,alt_missing,Missing alternative text,14,1.1.1,A,Perceivable,critical,1,true,Missing alternative text 1,Missing alternative text
2-ResultadosCenso2022.html,error,Errors,alt_missing,Missing alternative text,14,1.1.1,A,Perceivable,critical,2,true,Missing alternative text 2,Missing alternative text
2-ResultadosCenso2022.html,error,Errors,alt_missing,Missing alternative text,14,1.1.1,A,Perceivable,critical,3,false,Missing alternative text 3,Missing alternative text
2-ResultadosCenso2022.html,error,Errors,alt_missing,Missing alternative text,14,1.1.1,A,Perceivable,critical,4,false,Missing alternative text 4,Missing alternative text
2-ResultadosCenso2022.html,error,Errors,alt_missing,Missing alternative text,14,1.1.1,A,Perceivable,critical,5,false,Missing alternative text 5,Missing alternative text
2-ResultadosCenso2022.html,error,Errors,alt_missing,Missing alternative text,14,1.1.1,A,Perceivable,critical,6,false,Missing alternative text 6,Missing alternative text
2-ResultadosCenso2022.html,error,Errors,alt_missing,Missing alternative text,14,1.1.1,A,Perceivable,critical,7,false,Missing alternative text 7,Missing alternative text
2-ResultadosCenso2022.html,error,Errors,alt_missing,Missing alternative text,14,1.1.1,A,Perceivable,critical,8,false,Missing alternative text 8,Missing alternative text
2-ResultadosCenso2022.html,error,Errors,alt_missing,Missing alternative text,14,1.1.1,A,Perceivable,critical,9,true,Missing alternative text 9,Missing alternative text
2-ResultadosCenso2022.html,error,Errors,alt_missing,Missing alternative text,14,1.1.1,A,Perceivable,critical,10,false,Missing alternative text 10,Missing alternative text
2-ResultadosCenso2022.html,error,Errors,alt_missing,Missing alternative text,14,1.1.1,A,Perceivable,critical,11,true,Missing alternative text 11,Missing alternative text
2-ResultadosCenso2022.html,error,Errors,alt_missing,Missing alternative text,14,1.1.1,A,Perceivable,critical,12,false,Missing alternative text 12,Missing alternative text
2-ResultadosCenso2022.html,error,Errors,alt_missing,Missing alternative text,14,1.1.1,A,Perceivable,critical,13,false,Missing alternative text 13,Missing alternative text
2-ResultadosCenso2022.html,error,Errors,alt_missing,Missing alternative text,14,1.1.1,A,Perceivable,critical,14,false,Missing alternative text 14,Missing alternative text
2-ResultadosCenso2022.html,error,Errors,heading_empty,Empty heading,1,,,,,1,true,Empty heading 1,Empty heading
2-ResultadosCenso2022.html,error,Errors,button_empty,Empty button,22,,,,,1,false,Empty button 1,Empty button
2-ResultadosCenso2022.html,error,Errors,button_empty,Empty button,22,,,,,2,true,Empty button 2,Empty button
2-ResultadosCenso2022.html,error,Errors,button_empty,Empty button,22,,,,,3,false,Empty button 3,Empty button
2-ResultadosCenso2022.html,error,Errors,button_empty,Empty button,22,,,,,4,false,Empty button 4,Empty button
2-ResultadosCenso2022.html,error,Errors,button_empty,Empty button,22,,,,,5,false,Empty button 5,Empty button
2-ResultadosCenso2022.html,error,Errors,button_empty,Empty button,22,,,,,6,false,Empty button 6,Empty button
2-ResultadosCenso2022.html,error,Errors,button_empty,Empty button,22,,,,,7,false,Empty button 7,Empty button
2-ResultadosCenso2022.html,error,Errors,button_empty,Empty button,22,,,,,8,false,Empty button 8,Empty button
2-ResultadosCenso2022.html,error,Errors,button_empty,Empty button,22,,,,,9,false,Empty button 9,Empty button
2-ResultadosCenso2022.html,error,Errors,button_empty,Empty button,22,,,,,10,false,Empty button 10,Empty button
2-ResultadosCenso2022.html,error,Errors,button_empty,Empty button,22,,,,,11,false,Empty button 11,Empty button
2-ResultadosCenso2022.html,error,Errors,button_empty,Empty button,22,,,,,12,false,Empty button 12,Empty button
2-ResultadosCenso2022.html,error,Errors,button_empty,Empty button,22,,,,,13,false,Empty button 13,Empty button
2-ResultadosCenso2022.html,error,Errors,button_empty,Empty button,22,,,,,14,false,Empty button 14,Empty button
2-ResultadosCenso2022.html,error,Errors,button_empty,Empty button,22,,,,,15,false,Empty button 15,Empty button
2-ResultadosCenso2022.html,error,Errors,button_empty,Empty button,22,,,,,16,false,Empty button 16,Empty button
2-ResultadosCenso2022.html,error,Errors,button_empty,Empty button,22,,,,,17,false,Empty button 17,Empty button
2-ResultadosCenso2022.html,error,Errors,button_empty,Empty button,22,,,,,18,false,Empty button 18,Empty button
2-ResultadosCenso2022.html,error,Errors,button_empty,Empty button,22,,,,,19,false,Empty button 19,Empty button
2-ResultadosCenso2022.html,error,Errors,button_empty,Empty button,22,,,,,20,false,Empty button 20,Empty button
2-ResultadosCenso2022.html,error,Errors,button_empty,Empty button,22,,,,,21,false,Empty button 21,Empty button
2-ResultadosCenso2022.html,error,Errors,button_empty,Empty button,22,,,,,22,false,Empty button 22,Empty button
2-ResultadosCenso2022.html,error,Errors,link_empty,Empty link,1,,,,,1,true,Empty link 1,Empty link
2-ResultadosCenso2022.html,contrast,Contrast Errors,unknown,Very low contrast,60,,,,,,,,
2-ResultadosCenso2022.html,alert,Alerts,alt_duplicate,A nearby image has the same alternative text,1,,,,,1,false,A nearby image has the same alternative text 1,A nearby image has the same alternative text
2-ResultadosCenso2022.html,alert,Alerts,image_title,Image with title,1,,,,,1,false,Image with title 1,Image with title
2-ResultadosCenso2022.html,alert,Alerts,h1_missing,Missing first level heading,1,,,,,1,false,Missing first level heading 1,Missing first level heading
2-ResultadosCenso2022.html,alert,Alerts,heading_possible,Possible heading,1,,,,,1,true,Possible heading 1,Possible heading
2-ResultadosCenso2022.html,alert,Alerts,link_internal_broken,Broken same-page link,1,2.4.4,A,Operable,medium,1,false,Broken same-page link 1,Broken same-page link
2-ResultadosCenso2022.html,alert,Alerts,link_redundant,Redundant link,3,2.4.4,A,Operable,medium,1,true,Redundant link 1,Redundant link
2-ResultadosCenso2022.html,alert,Alerts,link_redundant,Redundant link,3,2.4.4,A,Operable,medium,2,false,Redundant link 2,Redundant link
2-ResultadosCenso2022.html,alert,Alerts,link_redundant,Redundant link,3,2.4.4,A,Operable,medium,3,false,Redundant link 3,Redundant link
2-ResultadosCenso2022.html,alert,Alerts,noscript,Noscript element,1,4.1.2,A,Robust,medium,1,true,Noscript element 1,Noscript element
2-ResultadosCenso2022.html,alert,Alerts,accesskey,Accesskey,1,2.1.4,A,Operable,medium,1,false,Accesskey 1,Accesskey
2-ResultadosCenso2022.html,alert,Alerts,text_small,Very small text,72,,,,,1,false,Very small text 1,Very small text
2-ResultadosCenso2022.html,alert,Alerts,text_small,Very small text,72,,,,,2,false,Very small text 2,Very small text
2-ResultadosCenso2022.html,alert,Alerts,text_small,Very small text,72,,,,,3,false,Very small text 3,Very small text
2-ResultadosCenso2022.html,alert,Alerts,text_small,Very small text,72,,,,,4,false,Very small text 4,Very small text
2-ResultadosCenso2022.html,alert,Alerts,text_small,Very small text,72,,,,,5,false,Very small text 5,Very small text
2-ResultadosCenso2022.html,alert,Alerts,text_small,Very small text,72,,,,,6,false,Very small text 6,Very small text
2-ResultadosCenso2022.html,alert,Alerts,text_small,Very small text,72,,,,,7,false,Very small text 7,Very small text
2-ResultadosCenso2022.html,alert,Alerts,text_small,Very small text,72,,,,,8,false,Very small text 8,Very small text
2-ResultadosCenso2022.html,alert,Alerts,text_small,Very small text,72,,,,,9,false,Very small text 9,Very small text
2-ResultadosCenso2022.html,alert,Alerts,text_small,Very small text,72,,,,,10,false,Very small text 10,Very small text
2-ResultadosCenso2022.html,alert,Alerts,text_small,Very small text,72,,,,,11,false,Very small text 11,Very small text
2-ResultadosCenso2022.html,alert,Alerts,text_small,Very small text,72,,,,,12,false,Very small text 12,Very small text
2-ResultadosCenso2022.html,alert,Alerts,text_small,Very small text,72,,,,,13,false,Very small text 13,Very small text
2-ResultadosCenso2022.html,alert,Alerts,text_small,Very small text,72,,,,,14,false,Very small text 14,Very small text
2-ResultadosCenso2022.html,alert,Alerts,text_small,Very small text,72,,,,,15,false,Very small text 15,Very small text
2-ResultadosCenso2022.html,alert,Alerts,text_small,Very small text,72,,,,,16,false,Very small text 16,Very small text
2-ResultadosCenso2022.html,alert,Alerts,text_small,Very small text,72,,,,,17,false,Very small text 17,Very small text
2-ResultadosCenso2022.html,alert,Alerts,text_small,Very small text,72,,,,,18,false,Very small text 18,Very small text
2-ResultadosCenso2022.html,alert,Alerts,text_small,Very small text,72,,,,,19,false,Very small text 19,Very small text
2-ResultadosCenso2022.html,alert,Alerts,text_small,Very small text,72,,,,,20,false,Very small text 20,Very small text
2-ResultadosCenso2022.html,alert,Alerts,text_small,Very small text,72,,,,,21,false,Very small text 21,Very small text
2-ResultadosCenso2022.html,alert,Alerts,text_small,Very small text,72,,,,,22,false,Very small text 22,Very small text
2-ResultadosCenso2022.html,alert,Alerts,text_small,Very small text,72,,,,,23,false,Very small text 23,Very small text
2-ResultadosCenso2022.html,alert,Alerts,text_small,Very small text,72,,,,,24,false,Very small text 24,Very small text
2-ResultadosCenso2022.html,alert,Alerts,text_small,Very small text,72,,,,,25,false,Very small text 25,Very small text
2-ResultadosCenso2022.html,alert,Alerts,text_small,Very small text,72,,,,,26,false,Very small text 26,Very small text
2-ResultadosCenso2022.html,alert,Alerts,text_small,Very small text,72,,,,,27,false,Very small text 27,Very small text
2-ResultadosCenso2022.html,alert,Alerts,text_small,Very small text,72,,,,,28,false,Very small text 28,Very small text
2-ResultadosCenso2022.html,alert,Alerts,text_small,Very small text,72,,,,,29,false,Very small text 29,Very small text
2-ResultadosCenso2022.html,alert,Alerts,text_small,Very small text,72,,,,,30,false,Very small text 30,Very small text
2-ResultadosCenso2022.html,alert,Alerts,text_small,Very small text,72,,,,,31,false,Very small text 31,Very small text
2-ResultadosCenso2022.html,alert,Alerts,text_small,Very small text,72,,,,,32,false,Very small text 32,Very small text
2-ResultadosCenso2022.html,alert,Alerts,text_small,Very small text,72,,,,,33,false,Very small text 33,Very small text
2-ResultadosCenso2022.html,alert,Alerts,text_small,Very small text,72,,,,,34,false,Very small text 34,Very small text
2-ResultadosCenso2022.html,alert,Alerts,text_small,Very small text,72,,,,,35,false,Very small text 35,Very small text
2-ResultadosCenso2022.html,alert,Alerts,text_small,Very small text,72,,,,,36,false,Very small text 36,Very small text
2-ResultadosCenso2022.html,alert,Alerts,text_small,Very small text,72,,,,,37,false,Very small text 37,Very small text
2-ResultadosCenso2022.html,alert,Alerts,text_small,Very small text,72,,,,,38,false,Very small text 38,Very small text
2-ResultadosCenso2022.html,alert,Alerts,text_small,Very small text,72,,,,,39,false,Very small text 39,Very small text
2-ResultadosCenso2022.html,alert,Alerts,text_small,Very small text,72,,,,,40,false,Very small text 40,Very small text
2-ResultadosCenso2022.html,alert,Alerts,text_small,Very small text,72,,,,,41,false,Very small text 41,Very small text
2-ResultadosCenso2022.html,alert,Alerts,text_small,Very small text,72,,,,,42,false,Very small text 42,Very small text
2-ResultadosCenso2022.html,alert,Alerts,text_small,Very small text,72,,,,,43,false,Very small text 43,Very small text
2-ResultadosCenso2022.html,alert,Alerts,text_small,Very small text,72,,,,,44,false,Very small text 44,Very small text
2-ResultadosCenso2022.html,alert,Alerts,text_small,Very small text,72,,,,,45,false,Very small text 45,Very small text
2-ResultadosCenso2022.html,alert,Alerts,text_small,Very small text,72,,,,,46,false,Very small text 46,Very small text
2-ResultadosCenso2022.html,alert,Alerts,text_small,Very small text,72,,,,,47,false,Very small text 47,Very small text
2-ResultadosCenso2022.html,alert,Alerts,text_small,Very small text,72,,,,,48,false,Very small text 48,Very small text
2-ResultadosCenso2022.html,alert,Alerts,text_small,Very small text,72,,,,,49,false,Very small text 49,Very small text
2-ResultadosCenso2022.html,alert,Alerts,text_small,Very small text,72,,,,,50,false,Very small text 50,Very small text
2-ResultadosCenso2022.html,alert,Alerts,text_small,Very small text,72,,,,,51,false,Very small text 51,Very small text
2-ResultadosCenso2022.html,alert,Alerts,text_small,Very small text,72,,,,,52,false,Very small text 52,Very small text
2-ResultadosCenso2022.html,alert,Alerts,text_small,Very small text,72,,,,,53,false,Very small text 53,Very small text
2-ResultadosCenso2022.html,alert,Alerts,text_small,Very small text,72,,,,,54,false,Very small text 54,Very small text
2-ResultadosCenso2022.html,alert,Alerts,text_small,Very small text,72,,,,,55,false,Very small text 55,Very small text
2-ResultadosCenso2022.html,alert,Alerts,text_small,Very small text,72,,,,,56,false,Very small text 56,Very small text
2-ResultadosCenso2022.html,alert,Alerts,text_small,Very small text,72,,,,,57,false,Very small text 57,Very small text
2-ResultadosCenso2022.html,alert,Alerts,text_small,Very small text,72,,,,,58,false,Very small text 58,Very small text
2-ResultadosCenso2022.html,alert,Alerts,text_small,Very small text,72,,,,,59,false,Very small text 59,Very small text
2-ResultadosCenso2022.html,alert,Alerts,text_small,Very small text,72,,,,,60,false,Very small text 60,Very small text
2-ResultadosCenso2022.html,alert,Alerts,text_small,Very small text,72,,,,,61,false,Very small text 61,Very small text
2-ResultadosCenso2022.html,alert,Alerts,text_small,Very small text,72,,,,,62,false,Very small text 62,Very small text
2-ResultadosCenso2022.html,alert,Alerts,text_small,Very small text,72,,,,,63,false,Very small text 63,Very small text
2-ResultadosCenso2022.html,alert,Alerts,text_small,Very small text,72,,,,,64,false,Very small text 64,Very small text
2-ResultadosCenso2022.html,alert,Alerts,text_small,Very small text,72,,,,,65,false,Very small text 65,Very small text
2-ResultadosCenso2022.html,alert,Alerts,text_small,Very small text,72,,,,,66,false,Very small text 66,Very small text
2-ResultadosCenso2022.html,alert,Alerts,text_small,Very small text,72,,,,,67,false,Very small text 67,Very small text
2-ResultadosCenso2022.html,alert,Alerts,text_small,Very small text,72,,,,,68,false,Very small text 68,Very small text
2-ResultadosCenso2022.html,alert,Alerts,text_small,Very small text,72,,,,,69,false,Very small text 69,Very small text
2-ResultadosCenso2022.html,alert,Alerts,text_small,Very small text,72,,,,,70,false,Very small text 70,Very small text
2-ResultadosCenso2022.html,alert,Alerts,text_small,Very small text,72,,,,,71,false,Very small text 71,Very small text
2-ResultadosCenso2022.html,alert,Alerts,text_small,Very small text,72,,,,,72,false,Very small text 72,Very small text
2-ResultadosCenso2022.html,alert,Alerts,title_redundant,Redundant title text,3,,,,,1,false,Redundant title text 1,Redundant title text
2-ResultadosCenso2022.html,alert,Alerts,title_redundant,Redundant title text,3,,,,,2,false,Redundant title text 2,Redundant title text
2-ResultadosCenso2022.html,alert,Alerts,title_redundant,Redundant title text,3,,,,,3,true,Redundant title text 3,Redundant title text
2-ResultadosCenso2022.html,feature,Features,alt,Alternative text,2,1.1.1,A,Perceivable,positive,1,true,Alternative text 1,Alternative text
2-ResultadosCenso2022.html,feature,Features,alt,Alternative text,2,1.1.1,A,Perceivable,positive,2,false,Alternative text 2,Alternative text
2-ResultadosCenso2022.html,feature,Features,alt_link,Linked image with alternative text,22,1.1.1,A,Perceivable,positive,1,true,Linked image with alternative text 1,Linked image with alternative text
2-ResultadosCenso2022.html,feature,Features,alt_link,Linked image with alternative text,22,1.1.1,A,Perceivable,positive,2,false,Linked image with alternative text 2,Linked image with alternative text
2-ResultadosCenso2022.html,feature,Features,alt_link,Linked image with alternative text,22,1.1.1,A,Perceivable,positive,3,false,Linked image with alternative text 3,Linked image with alternative text
2-ResultadosCenso2022.html,feature,Features,alt_link,Linked image with alternative text,22,1.1.1,A,Perceivable,positive,4,false,Linked image with alternative text 4,Linked image with alternative text
2-ResultadosCenso2022.html,feature,Features,alt_link,Linked image with alternative text,22,1.1.1,A,Perceivable,positive,5,true,Linked image with alternative text 5,Linked image with alternative text
2-ResultadosCenso2022.html,feature,Features,alt_link,Linked image with alternative text,22,1.1.1,A,Perceivable,positive,6,false,Linked image with alternative text 6,Linked image with alternative text
2-ResultadosCenso2022.html,feature,Features,alt_link,Linked image with alternative text,22,1.1.1,A,Perceivable,positive,7,false,Linked image with alternative text 7,Linked image with alternative text
2-ResultadosCenso2022.html,feature,Features,alt_link,Linked image with alternative text,22,1.1.1,A,Perceivable,positive,8,false,Linked image with alternative text 8,Linked image with alternative text
2-ResultadosCenso2022.html,feature,Features,alt_link,Linked image with alternative text,22,1.1.1,A,Perceivable,positive,9,false,Linked image with alternative text 9,Linked image with alternative text
2-ResultadosCenso2022.html,feature,Features,alt_link,Linked image with alternative text,22,1.1.1,A,Perceivable,positive,10,false,Linked image with alternative text 10,Linked image with alternative text
2-ResultadosCenso2022.html,feature,Features,alt_link,Linked image with alternative text,22,1.1.1,A,Perceivable,positive,11,false,Linked image with alternative text 11,Linked image with alternative text
2-ResultadosCenso2022.html,feature,Features,alt_link,Linked image with alternative text,22,1.1.1,A,Perceivable,positive,12,false,Linked image with alternative text 12,Linked image with alternative text
2-ResultadosCenso2022.html,feature,Features,alt_link,Linked image with alternative text,22,1.1.1,A,Perceivable,positive,13,false,Linked image with alternative text 13,Linked image with alternative text
2-ResultadosCenso2022.html,feature,Features,alt_link,Linked image with alternative text,22,1.1.1,A,Perceivable,positive,14,false,Linked image with alternative text 14,Linked image with alternative text
2-ResultadosCenso2022.html,feature,Features,alt_link,Linked image with alternative text,22,1.1.1,A,Perceivable,positive,15,false,Linked image with alternative text 15,Linked image with alternative text
2-ResultadosCenso2022.html,feature,Features,alt_link,Linked image with alternative text,22,1.1.1,A,Perceivable,positive,16,false,Linked image with alternative text 16,Linked image with alternative text
2-ResultadosCenso2022.html,feature,Features,alt_link,Linked image with alternative text,22,1.1.1,A,Perceivable,positive,17,false,Linked image with alternative text 17,Linked image with alternative text
2-ResultadosCenso2022.html,feature,Features,alt_link,Linked image with alternative text,22,1.1.1,A,Perceivable,positive,18,false,Linked image with alternative text 18,Linked image with alternative text
2-ResultadosCenso2022.html,feature,Features,alt_link,Linked image with alternative text,22,1.1.1,A,Perceivable,positive,19,false,Linked image with alternative text 19,Linked image with alternative text
2-ResultadosCenso2022.html,feature,Features,alt_link,Linked image with alternative text,22,1.1.1,A,Perceivable,positive,20,false,Linked image with alternative text 20,Linked image with alternative text
2-ResultadosCenso2022.html,feature,Features,alt_link,Linked image with alternative text,22,1.1.1,A,Perceivable,positive,21,false,Linked image with alternative text 21,Linked image with alternative text
2-ResultadosCenso2022.html,feature,Features,alt_link,Linked image with alternative text,22,1.1.1,A,Perceivable,positive,22,false,Linked image with alternative text 22,Linked image with alternative text
2-ResultadosCenso2022.html,feature,Features,label,Form label,1,1.3.1;3.3.2,A,Perceivable;Understandable,positive,1,false,Form label 1,Form label
2-ResultadosCenso2022.html,feature,Features,lang,Language,1,3.1.1,A,Understandable,positive,1,false,Language 1,Language
2-ResultadosCenso2022.html,structure,Structural Elements,h2,Heading level 2,23,1.3.1,A,Perceivable,positive,1,true,Heading level 2 1,Heading level 2
2-ResultadosCenso2022.html,structure,Structural Elements,h2,Heading level 2,23,1.3.1,A,Perceivable,positive,2,false,Heading level 2 2,Heading level 2
2-ResultadosCenso2022.html,structure,Structural Elements,h2,Heading level 2,23,1.3.1,A,Perceivable,positive,3,true,Heading level 2 3,Heading level 2
2-ResultadosCenso2022.html,structure,Structural Elements,h2,Heading level 2,23,1.3.1,A,Perceivable,positive,4,false,Heading level 2 4,Heading level 2
2-ResultadosCenso2022.html,structure,Structural Elements,h2,Heading level 2,23,1.3.1,A,Perceivable,positive,5,false,Heading level 2 5,Heading level 2
2-ResultadosCenso2022.html,structure,Structural Elements,h2,Heading level 2,23,1.3.1,A,Perceivable,positive,6,true,Heading level 2 6,Heading level 2
2-ResultadosCenso2022.html,structure,Structural Elements,h2,Heading level 2,23,1.3.1,A,Perceivable,positive,7,false,Heading level 2 7,Heading level 2
2-ResultadosCenso2022.html,structure,Structural Elements,h2,Heading level 2,23,1.3.1,A,Perceivable,positive,8,false,Heading level 2 8,Heading level 2
2-ResultadosCenso2022.html,structure,Structural Elements,h2,Heading level 2,23,1.3.1,A,Perceivable,positive,9,false,Heading level 2 9,Heading level 2
2-ResultadosCenso2022.html,structure,Structural Elements,h2,Heading level 2,23,1.3.1,A,Perceivable,positive,10,false,Heading level 2 10,Heading level 2
2-ResultadosCenso2022.html,structure,Structural Elements,h2,Heading level 2,23,1.3.1,A,Perceivable,positive,11,false,Heading level 2 11,Heading level 2
2-ResultadosCenso2022.html,structure,Structural Elements,h2,Heading level 2,23,1.3.1,A,Perceivable,positive,12,false,Heading level 2 12,Heading level 2
2-ResultadosCenso2022.html,structure,Structural Elements,h2,Heading level 2,23,1.3.1,A,Perceivable,positive,13,false,Heading level 2 13,Heading level 2
2-ResultadosCenso2022.html,structure,Structural Elements,h2,Heading level 2,23,1.3.1,A,Perceivable,positive,14,false,Heading level 2 14,Heading level 2
2-ResultadosCenso2022.html,structure,Structural Elements,h2,Heading level 2,23,1.3.1,A,Perceivable,positive,15,false,Heading level 2 15,Heading level 2
2-ResultadosCenso2022.html,structure,Structural Elements,h2,Heading level 2,23,1.3.1,A,Perceivable,positive,16,false,Heading level 2 16,Heading level 2
2-ResultadosCenso2022.html,structure,Structural Elements,h2,Heading level 2,23,1.3.1,A,Perceivable,positive,17,false,Heading level 2 17,Heading level 2
2-ResultadosCenso2022.html,structure,Structural Elements,h2,Heading level 2,23,1.3.1,A,Perceivable,positive,18,false,Heading level 2 18,Heading level 2
2-ResultadosCenso2022.html,structure,Structural Elements,h2,Heading level 2,23,1.3.1,A,Perceivable,positive,19,false,Heading level 2 19,Heading level 2
2-ResultadosCenso2022.html,structure,Structural Elements,h2,Heading level 2,23,1.3.1,A,Perceivable,positive,20,false,Heading level 2 20,Heading level 2
2-ResultadosCenso2022.html,structure,Structural Elements,h2,Heading level 2,23,1.3.1,A,Perceivable,positive,21,false,Heading level 2 21,Heading level 2
2-ResultadosCenso2022.html,structure,Structural Elements,h2,Heading level 2,23,1.3.1,A,Perceivable,positive,22,false,Heading level 2 22,Heading level 2
2-ResultadosCenso2022.html,structure,Structural Elements,h2,Heading level 2,23,1.3.1,A,Perceivable,positive,23,false,Heading level 2 23,Heading level 2
2-ResultadosCenso2022.html,structure,Structural Elements,h3,Heading level 3,1,1.3.1,A,Perceivable,positive,1,true,Heading level 3 1,Heading level 3
2-ResultadosCenso2022.html,structure,Structural Elements,ul,Unordered list,33,1.3.1,A,Perceivable,positive,1,false,Unordered list 1,Unordered list
2-ResultadosCenso2022.html,structure,Structural Elements,ul,Unordered list,33,1.3.1,A,Perceivable,positive,2,false,Unordered list 2,Unordered list
2-ResultadosCenso2022.html,structure,Structural Elements,ul,Unordered list,33,1.3.1,A,Perceivable,positive,3,true,Unordered list 3,Unordered list
2-ResultadosCenso2022.html,structure,Structural Elements,ul,Unordered list,33,1.3.1,A,Perceivable,positive,4,true,Unordered list 4,Unordered list
2-ResultadosCenso2022.html,structure,Structural Elements,ul,Unordered list,33,1.3.1,A,Perceivable,positive,5,true,Unordered list 5,Unordered list
2-ResultadosCenso2022.html,structure,Structural Elements,ul,Unordered list,33,1.3.1,A,Perceivable,positive,6,true,Unordered list 6,Unordered list
2-ResultadosCenso2022.html,structure,Structural Elements,ul,Unordered list,33,1.3.1,A,Perceivable,positive,7,false,Unordered list 7,Unordered list
2-ResultadosCenso2022.html,structure,Structural Elements,ul,Unordered list,33,1.3.1,A,Perceivable,positive,8,true,Unordered list 8,Unordered list
2-ResultadosCenso2022.html,structure,Structural Elements,ul,Unordered list,33,1.3.1,A,Perceivable,positive,9,true,Unordered list 9,Unordered list
2-ResultadosCenso2022.html,structure,Structural Elements,ul,Unordered list,33,1.3.1,A,Perceivable,positive,10,false,Unordered list 10,Unordered list
2-ResultadosCenso2022.html,structure,Structural Elements,ul,Unordered list,33,1.3.1,A,Perceivable,positive,11,true,Unordered list 11,Unordered list
2-ResultadosCenso2022.html,structure,Structural Elements,ul,Unordered list,33,1.3.1,A,Perceivable,positive,12,false,Unordered list 12,Unordered list
2-ResultadosCenso2022.html,structure,Structural Elements,ul,Unordered list,33,1.3.1,A,Perceivable,positive,13,true,Unordered list 13,Unordered list
2-ResultadosCenso2022.html,structure,Structural Elements,ul,Unordered list,33,1.3.1,A,Perceivable,positive,14,false,Unordered list 14,Unordered list
2-ResultadosCenso2022.html,structure,Structural Elements,ul,Unordered list,33,1.3.1,A,Perceivable,positive,15,true,Unordered list 15,Unordered list
2-ResultadosCenso2022.html,structure,Structural Elements,ul,Unordered list,33,1.3.1,A,Perceivable,positive,16,true,Unordered list 16,Unordered list
2-ResultadosCenso2022.html,structure,Structural Elements,ul,Unordered list,33,1.3.1,A,Perceivable,positive,17,true,Unordered list 17,Unordered list
2-ResultadosCenso2022.html,structure,Structural Elements,ul,Unordered list,33,1.3.1,A,Perceivable,positive,18,true,Unordered list 18,Unordered list
2-ResultadosCenso2022.html,structure,Structural Elements,ul,Unordered list,33,1.3.1,A,Perceivable,positive,19,false,Unordered list 19,Unordered list
2-ResultadosCenso2022.html,structure,Structural Elements,ul,Unordered list,33,1.3.1,A,Perceivable,positive,20,true,Unordered list 20,Unordered list
2-ResultadosCenso2022.html,structure,Structural Elements,ul,Unordered list,33,1.3.1,A,Perceivable,positive,21,false,Unordered list 21,Unordered list
2-ResultadosCenso2022.html,structure,Structural Elements,ul,Unordered list,33,1.3.1,A,Perceivable,positive,22,true,Unordered list 22,Unordered list
2-ResultadosCenso2022.html,structure,Structural Elements,ul,Unordered list,33,1.3.1,A,Perceivable,positive,23,false,Unordered list 23,Unordered list
2-ResultadosCenso2022.html,structure,Structural Elements,ul,Unordered list,33,1.3.1,A,Perceivable,positive,24,true,Unordered list 24,Unordered list
2-ResultadosCenso2022.html,structure,Structural Elements,ul,Unordered list,33,1.3.1,A,Perceivable,positive,25,true,Unordered list 25,Unordered list
2-ResultadosCenso2022.html,structure,Structural Elements,ul,Unordered list,33,1.3.1,A,Perceivable,positive,26,true,Unordered list 26,Unordered list
2-ResultadosCenso2022.html,structure,Structural Elements,ul,Unordered list,33,1.3.1,A,Perceivable,positive,27,false,Unordered list 27,Unordered list
2-ResultadosCenso2022.html,structure,Structural Elements,ul,Unordered list,33,1.3.1,A,Perceivable,positive,28,true,Unordered list 28,Unordered list
2-ResultadosCenso2022.html,structure,Structural Elements,ul,Unordered list,33,1.3.1,A,Perceivable,positive,29,true,Unordered list 29,Unordered list
2-ResultadosCenso2022.html,structure,Structural Elements,ul,Unordered list,33,1.3.1,A,Perceivable,positive,30,false,Unordered list 30,Unordered list
2-ResultadosCenso2022.html,structure,Structural Elements,ul,Unordered list,33,1.3.1,A,Perceivable,positive,31,true,Unordered list 31,Unordered list
2-ResultadosCenso2022.html,structure,Structural Elements,ul,Unordered list,33,1.3.1,A,Perceivable,positive,32,true,Unordered list 32,Unordered list
2-ResultadosCenso2022.html,structure,Structural Elements,ul,Unordered list,33,1.3.1,A,Perceivable,positive,33,true,Unordered list 33,Unordered list
2-ResultadosCenso2022.html,structure,Structural Elements,header,Header,1,1.3.1;2.4.1,A,Perceivable;Operable,positive,1,false,Header 1,Header
2-ResultadosCenso2022.html,structure,Structural Elements,nav,Navigation,2,1.3.1;2.4.1,A,Perceivable;Operable,positive,1,false,Navigation 1,Navigation
2-ResultadosCenso2022.html,structure,Structural Elements,nav,Navigation,2,1.3.1;2.4.1,A,Perceivable;Operable,positive,2,false,Navigation 2,Navigation
2-ResultadosCenso2022.html,aria,ARIA,aria,ARIA,20,4.1.2,A,Robust,informational,1,false,ARIA 1,ARIA
2-ResultadosCenso2022.html,aria,ARIA,aria,ARIA,20,4.1.2,A,Robust,informational,2,false,ARIA 2,ARIA
2-ResultadosCenso2022.html,aria,ARIA,aria,ARIA,20,4.1.2,A,Robust,informational,3,false,ARIA 3,ARIA
2-ResultadosCenso2022.html,aria,ARIA,aria,ARIA,20,4.1.2,A,Robust,informational,4,false,ARIA 4,ARIA
2-ResultadosCenso2022.html,aria,ARIA,aria,ARIA,20,4.1.2,A,Robust,informational,5,true,ARIA 5,ARIA
2-ResultadosCenso2022.html,aria,ARIA,aria,ARIA,20,4.1.2,A,Robust,informational,6,true,ARIA 6,ARIA
2-ResultadosCenso2022.html,aria,ARIA,aria,ARIA,20,4.1.2,A,Robust,informational,7,true,ARIA 7,ARIA
2-ResultadosCenso2022.html,aria,ARIA,aria,ARIA,20,4.1.2,A,Robust,informational,8,true,ARIA 8,ARIA
2-ResultadosCenso2022.html,aria,ARIA,aria,ARIA,20,4.1.2,A,Robust,informational,9,false,ARIA 9,ARIA
2-ResultadosCenso2022.html,aria,ARIA,aria,ARIA,20,4.1.2,A,Robust,informational,10,true,ARIA 10,ARIA
2-ResultadosCenso2022.html,aria,ARIA,aria,ARIA,20,4.1.2,A,Robust,informational,11,false,ARIA 11,ARIA
2-ResultadosCenso2022.html,aria,ARIA,aria,ARIA,20,4.1.2,A,Robust,informational,12,false,ARIA 12,ARIA
2-ResultadosCenso2022.html,aria,ARIA,aria,ARIA,20,4.1.2,A,Robust,informational,13,false,ARIA 13,ARIA
2-ResultadosCenso2022.html,aria,ARIA,aria,ARIA,20,4.1.2,A,Robust,informational,14,false,ARIA 14,ARIA
2-ResultadosCenso2022.html,aria,ARIA,aria,ARIA,20,4.1.2,A,Robust,informational,15,false,ARIA 15,ARIA
2-ResultadosCenso2022.html,aria,ARIA,aria,ARIA,20,4.1.2,A,Robust,informational,16,false,ARIA 16,ARIA
2-ResultadosCenso2022.html,aria,ARIA,aria,ARIA,20,4.1.2,A,Robust,informational,17,false,ARIA 17,ARIA
2-ResultadosCenso2022.html,aria,ARIA,aria,ARIA,20,4.1.2,A,Robust,informational,18,false,ARIA 18,ARIA
2-ResultadosCenso2022.html,aria,ARIA,aria,ARIA,20,4.1.2,A,Robust,informational,19,false,ARIA 19,ARIA
2-ResultadosCenso2022.html,aria,ARIA,aria,ARIA,20,4.1.2,A,Robust,informational,20,false,ARIA 20,ARIA
2-ResultadosCenso2022.html,aria,ARIA,aria_label,ARIA label,22,1.3.1;4.1.2,A,Perceivable;Robust,positive,1,false,ARIA label 1,ARIA label
2-ResultadosCenso2022.html,aria,ARIA,aria_label,ARIA label,22,1.3.1;4.1.2,A,Perceivable;Robust,positive,2,true,ARIA label 2,ARIA label
2-ResultadosCenso2022.html,aria,ARIA,aria_label,ARIA label,22,1.3.1;4.1.2,A,Perceivable;Robust,positive,3,true,ARIA label 3,ARIA label
2-ResultadosCenso2022.html,aria,ARIA,aria_label,ARIA label,22,1.3.1;4.1.2,A,Perceivable;Robust,positive,4,true,ARIA label 4,ARIA label
2-ResultadosCenso2022.html,aria,ARIA,aria_label,ARIA label,22,1.3.1;4.1.2,A,Perceivable;Robust,positive,5,false,ARIA label 5,ARIA label
2-ResultadosCenso2022.html,aria,ARIA,aria_label,ARIA label,22,1.3.1;4.1.2,A,Perceivable;Robust,positive,6,true,ARIA label 6,ARIA label
2-ResultadosCenso2022.html,aria,ARIA,aria_label,ARIA label,22,1.3.1;4.1.2,A,Perceivable;Robust,positive,7,false,ARIA label 7,ARIA label
2-ResultadosCenso2022.html,aria,ARIA,aria_label,ARIA label,22,1.3.1;4.1.2,A,Perceivable;Robust,positive,8,false,ARIA label 8,ARIA label
2-ResultadosCenso2022.html,aria,ARIA,aria_label,ARIA label,22,1.3.1;4.1.2,A,Perceivable;Robust,positive,9,false,ARIA label 9,ARIA label
2-ResultadosCenso2022.html,aria,ARIA,aria_label,ARIA label,22,1.3.1;4.1.2,A,Perceivable;Robust,positive,10,false,ARIA label 10,ARIA label
2-ResultadosCenso2022.html,aria,ARIA,aria_label,ARIA label,22,1.3.1;4.1.2,A,Perceivable;Robust,positive,11,false,ARIA label 11,ARIA label
2-ResultadosCenso2022.html,aria,ARIA,aria_label,ARIA label,22,1.3.1;4.1.2,A,Perceivable;Robust,positive,12,false,ARIA label 12,ARIA label
2-ResultadosCenso2022.html,aria,ARIA,aria_label,ARIA label,22,1.3.1;4.1.2,A,Perceivable;Robust,positive,13,false,ARIA label 13,ARIA label
2-ResultadosCenso2022.html,aria,ARIA,aria_label,ARIA label,22,1.3.1;4.1.2,A,Perceivable;Robust,positive,14,false,ARIA label 14,ARIA label
2-ResultadosCenso2022.html,aria,ARIA,aria_label,ARIA label,22,1.3.1;4.1.2,A,Perceivable;Robust,positive,15,false,ARIA label 15,ARIA label
2-ResultadosCenso2022.html,aria,ARIA,aria_label,ARIA label,22,1.3.1;4.1.2,A,Perceivable;Robust,positive,16,false,ARIA label 16,ARIA label
2-ResultadosCenso2022.html,aria,ARIA,aria_label,ARIA label,22,1.3.1;4.1.2,A,Perceivable;Robust,positive,17,true,ARIA label 17,ARIA label
2-ResultadosCenso2022.html,aria,ARIA,aria_label,ARIA label,22,1.3.1;4.1.2,A,Perceivable;Robust,positive,18,false,ARIA label 18,ARIA label
2-ResultadosCenso2022.html,aria,ARIA,aria_label,ARIA label,22,1.3.1;4.1.2,A,Perceivable;Robust,positive,19,false,ARIA label 19,ARIA label
2-ResultadosCenso2022.html,aria,ARIA,aria_label,ARIA label,22,1.3.1;4.1.2,A,Perceivable;Robust,positive,20,false,ARIA label 20,ARIA label
2-ResultadosCenso2022.html,aria,ARIA,aria_label,ARIA label,22,1.3.1;4.1.2,A,Perceivable;Robust,positive,21,false,ARIA label 21,ARIA label
2-ResultadosCenso2022.html,aria,ARIA,aria_label,ARIA label,22,1.3.1;4.1.2,A,Perceivable;Robust,positive,22,false,ARIA label 22,ARIA label
2-ResultadosCenso2022.html,aria,ARIA,aria_tabindex,ARIA tabindex,3,2.4.3,A,Operable,informational,1,false,ARIA tabindex 1,ARIA tabindex
2-ResultadosCenso2022.html,aria,ARIA,aria_tabindex,ARIA tabindex,3,2.4.3,A,Operable,informational,2,false,ARIA tabindex 2,ARIA tabindex
2-ResultadosCenso2022.html,aria,ARIA,aria_tabindex,ARIA tabindex,3,2.4.3,A,Operable,informational,3,true,ARIA tabindex 3,ARIA tabindex
2-ResultadosCenso2022.html,aria,ARIA,aria_live_region,ARIA alert or live region,11,4.1.3,A,Robust,informational,1,true,ARIA alert or live region 1,ARIA alert or live region
2-ResultadosCenso2022.html,aria,ARIA,aria_live_region,ARIA alert or live region,11,4.1.3,A,Robust,informational,2,true,ARIA alert or live region 2,ARIA alert or live region
2-ResultadosCenso2022.html,aria,ARIA,aria_live_region,ARIA alert or live region,11,4.1.3,A,Robust,informational,3,true,ARIA alert or live region 3,ARIA alert or live region
2-ResultadosCenso2022.html,aria,ARIA,aria_live_region,ARIA alert or live region,11,4.1.3,A,Robust,informational,4,true,ARIA alert or live region 4,ARIA alert or live region
2-ResultadosCenso2022.html,aria,ARIA,aria_live_region,ARIA alert or live region,11,4.1.3,A,Robust,informational,5,true,ARIA alert or live region 5,ARIA alert or live region
2-ResultadosCenso2022.html,aria,ARIA,aria_live_region,ARIA alert or live region,11,4.1.3,A,Robust,informational,6,true,ARIA alert or live region 6,ARIA alert or live region
2-ResultadosCenso2022.html,aria,ARIA,aria_live_region,ARIA alert or live region,11,4.1.3,A,Robust,informational,7,true,ARIA alert or live region 7,ARIA alert or live region
2-ResultadosCenso2022.html,aria,ARIA,aria_live_region,ARIA alert or live region,11,4.1.3,A,Robust,informational,8,true,ARIA alert or live region 8,ARIA alert or live region
2-ResultadosCenso2022.html,aria,ARIA,aria_live_region,ARIA alert or live region,11,4.1.3,A,Robust,informational,9,true,ARIA alert or live region 9,ARIA alert or live region
2-ResultadosCenso2022.html,aria,ARIA,aria_live_region,ARIA alert or live region,11,4.1.3,A,Robust,informational,10,true,ARIA alert or live region 10,ARIA alert or live region
2-ResultadosCenso2022.html,aria,ARIA,aria_live_region,ARIA alert or live region,11,4.1.3,A,Robust,informational,11,true,ARIA alert or live region 11,ARIA alert or live region
2-ResultadosCenso2022.html,aria,ARIA,aria_button,ARIA button,4,4.1.2,A,Robust;Operable,informational,1,true,ARIA button 1,ARIA button
2-ResultadosCenso2022.html,aria,ARIA,aria_button,ARIA button,4,4.1.2,A,Robust;Operable,informational,2,true,ARIA button 2,ARIA button
2-ResultadosCenso2022.html,aria,ARIA,aria_button,ARIA button,4,4.1.2,A,Robust;Operable,informational,3,false,ARIA button 3,ARIA button
2-ResultadosCenso2022.html,aria,ARIA,aria_button,ARIA button,4,4.1.2,A,Robust;Operable,informational,4,true,ARIA button 4,ARIA button
2-ResultadosCenso2022.html,aria,ARIA,aria_hidden,ARIA hidden,3,1.3.1,A,Perceivable;Robust,informational,1,false,ARIA hidden 1,ARIA hidden
2-ResultadosCenso2022.html,aria,ARIA,aria_hidden,ARIA hidden,3,1.3.1,A,Perceivable;Robust,informational,2,true,ARIA hidden 2,ARIA hidden
2-ResultadosCenso2022.html,aria,ARIA,aria_hidden,ARIA hidden,3,1.3.1,A,Perceivable;Robust,informational,3,true,ARIA hidden 3,ARIA hidden
2-ResultadosCenso2022.html,aria,ARIA,aria_expanded,ARIA expanded,2,4.1.2,A,Robust,informational,1,false,ARIA expanded 1,ARIA expanded
2-ResultadosCenso2022.html,aria,ARIA,aria_expanded,ARIA expanded,2,4.1.2,A,Robust,informational,2,true,ARIA expanded 2,ARIA expanded
2-ResultadosCenso2022.html,aria,ARIA,aria_haspopup,ARIA popup,2,,,,,1,false,ARIA popup 1,ARIA popup
2-ResultadosCenso2022.html,aria,ARIA,aria_haspopup,ARIA popup,2,,,,,2,true,ARIA popup 2,ARIA popup